PROTEIN-LIGAND,Rank ,sub-rank,Run,binding energy,cluster RSMD,reference RSMD,ligand efficiency ,Inhib constant ,Inhib constant units,Intermol energy,vdw hb desolve energy,Electrostatic energy,Total internal ,Torsional energy,unbound energy 
123,1,1,3,-5.33,0,16.32,-0.18,45075.0,-1,-4.245,-4.109999999999999,-0.02,0.0,0.89,0.0
175,1,1,6,-4.03,0,25.64,-0.26,7810.0,0,-3.17,-3.14,-0.04,-0.81,0.3,-0.81
180,1,1,9,-8.66,0,19.94,-0.37,979.42,0,-8.2,-8.18,-0.02,0.0,0.0,0.0
181,1,1,1,-5.95,0,22.44,-0.31,74420.0,0,-5.93,-4.24,-1.69,0.19,0.3,0.19
182,1,1,9,-6.32,0,25.26,-0.3,25400.0,0,-6.27,-6.23,-0.04,0.0,0.0,0.0
183,1,1,8,-6.1,0,23.79,-0.17,2250.0,0,-5.1,-5.1,0.0,1.53,1.49,1.53
176,1,1,5,-7.18,0,21.15,-0.19,365550.0,0,-5.58,-5.54,-0.04,1.27,0.89,1.27
177,1,1,1,-7.89,0,14.34,-0.34,1660.0,0,-7.89,-7.75,-0.14,0.0,0.0,0.0
178,1,1,5,-6.08,0,24.16,-0.2,231510.0,0,-6.15,-5.93,-0.23,1.53,1.19,1.53
179,1,1,5,-7.09,0,25.03,-0.23,20630.0,0,-6.99,-6.88,-0.11,1.79,0.6,1.79
124,1,1,8,-4.92,0,23.53,-0.23,1560.0,0,-4.42,-4.13,-0.29,0.38,0.6,0.38
139,1,1,6,-6.54,0,19.85,-0.27,1110.0,0,-5.22,-4.81,-0.42,0.35,1.19,0.35
160,1,1,4,-6.29,0,29.3,-0.14,1130.0,0,-5.81,-5.57,-0.24,2.33,1.79,2.33
125,1,1,3,-7.81,0,17.81,-0.12,128630.0,0,-8.89,-8.89,0.0,3.24,3.58,3.24
126,1,1,1,-9.09,0,20.28,-0.25,24580.0,0,-6.29,-6.3,-0.01,0.0,0.0,0.0
127,1,1,10,-6.77,0,23.88,-0.29,10870.0,0,-7.96,-7.88,-0.09,0.61,1.19,0.61
128,1,1,6,-6.63,0,16.47,-0.23,109230.0,0,-6.0,-5.9,-0.1,0.97,0.6,0.97
129,1,1,10,-5.04,0,16.98,-0.68,99120.0,0,-5.76,-5.69,-0.07,0.01,0.3,0.01
130,1,1,7,-5.75,0,26.26,-0.33,254150.0,0,-4.9,-4.91,0.0,0.0,0.0,0.0
131,1,1,7,-5.7,0,27.16,-0.17,168640.0,0,-6.34,-6.34,0.0,1.87,1.19,1.87
132,1,1,3,-6.41,0,15.09,-0.2,57070.0,0,-8.18,-8.09,-0.09,1.06,2.39,1.06
133,1,1,9,-7.04,0,23.52,-0.29,21840.0,0,-6.95,-6.85,-0.11,0.45,0.6,0.45
134,1,1,3,-4.46,0,21.73,-0.21,1590.0,0,-5.31,-5.18,-0.13,1.99,1.49,1.99
135,1,1,2,-5.07,0,31.34,-0.26,788580.0,0,-4.83,-4.77,-0.06,0.28,0.6,0.28
136,1,1,2,-2.56,0,23.87,-0.8,27200.0,0,-5.0,-5.2,0.0,0.0,0.0,0.5
137,1,1,4,-4.47,0,27.84,-0.15,5860.0,0,-4.26,-4.24,-0.02,2.32,1.19,2.32
138,1,1,3,-4.41,0,23.16,-0.06,56970.0,0,-4.08,-4.0,-0.09,3.53,2.39,3.53
140,1,1,7,-5.12,0,21.9,-0.18,335930.0,0,-6.23,-6.04,-0.19,1.86,1.49,1.86
141,1,1,6,-4.81,0,17.88,-0.02,277800.0,0,-4.75,-4.66,-0.09,5.3,3.88,5.3
142,1,1,7,-7.22,0,21.81,-0.3,40560.0,0,-6.89,-6.79,-0.1,1.32,0.89,1.32
143,1,1,8,-6.55,0,18.11,-0.19,79640.0,0,-6.19,-6.07,-0.12,0.08,0.6,0.08
144,1,1,2,-9.96,0,18.12,-0.31,16460.0,0,-6.53,-6.53,0.0,0.0,0.0,0.0
145,1,1,10,-6.85,0,24.48,-0.29,9550.0,0,-7.15,-7.19,-0.05,0.42,0.3,0.42
146,1,1,8,-5.34,0,21.96,-0.03,59580.0,0,-6.44,-6.21,-0.23,2.63,4.77,2.63
147,1,1,8,-4.72,0,16.32,-0.22,441270.0,0,-5.47,-5.45,-0.02,1.31,0.89,1.31
148,1,1,10,-5.72,0,26.11,-0.18,63970.0,0,-7.21,-7.09,-0.12,1.61,1.49,1.61
149,1,1,9,-8.48,0,21.42,-0.26,14010.0,0,-6.62,-6.67,-0.05,0.0,0.0,0.0
150,1,1,2,-3.89,0,16.9,-0.26,1400.0,0,-5.68,-5.63,-0.06,0.41,1.79,0.41
151,1,1,2,-3.93,0,28.04,-0.04,73090.0,0,-5.13,-3.12,-2.01,5.39,3.58,5.39
152,1,1,4,-6.03,0,22.2,-0.26,237640.0,0,-5.24,-4.67,-0.57,0.19,0.3,0.19
153,1,1,3,-5.59,0,24.99,-0.29,129230.0,0,-5.6,-5.57,-0.04,0.05,0.3,0.05
154,1,1,8,-4.13,0,26.97,-0.06,13330.0,0,-6.14,-6.21,-0.07,3.59,3.58,3.59
155,1,1,9,-5.18,0,25.74,-0.15,639020.0,0,-5.55,-5.46,-0.09,1.03,1.19,1.03
156,1,1,5,-1.23,0,26.82,-0.05,254640.0,0,-3.79,-3.69,-0.1,4.19,2.98,4.19
157,1,1,4,-5.69,0,24.28,-0.1,8840.0,0,-6.98,-6.73,-0.24,1.91,4.18,1.91
158,1,1,9,-5.25,0,16.7,-0.47,18100.0,0,-4.04,-3.0,-1.04,0.13,0.3,0.13
159,1,1,4,-5.98,0,25.73,-0.22,43830.0,0,-7.14,-7.09,-0.04,1.51,1.19,1.51
161,1,1,3,-7.37,0,23.48,-0.24,49550.0,0,-6.17,-6.16,-0.01,0.56,0.3,0.56
162,1,1,3,-6.8,0,21.85,-0.21,29010.0,0,-7.38,-7.15,-0.24,0.51,1.19,0.51
163,1,1,10,-7.38,0,14.72,-0.34,3870.0,0,-7.38,-7.28,-0.11,0.0,0.0,0.0
164,1,1,9,-8.77,0,24.27,-0.15,24420.0,0,-7.49,-7.22,-0.27,0.9,1.19,0.9
165,1,1,1,-2.47,0,17.62,-0.04,273200.0,0,-6.14,-4.25,-1.89,3.2,5.37,3.2
166,1,1,9,-6.9,0,15.94,-0.24,61400.0,0,-6.04,-6.03,-0.01,0.5,0.3,0.5
167,1,1,7,-7.02,0,19.64,-0.24,56040.0,0,-6.1,-6.11,-0.02,0.04,0.3,0.04
168,1,1,6,-3.33,0,16.57,-0.07,124980.0,0,-2.72,-2.66,-0.07,3.75,1.49,3.75
169,1,1,2,-6.64,0,24.41,-0.08,7870.0,0,-4.06,-4.21,-0.15,2.34,1.19,2.34
170,1,1,1,-7.08,0,21.17,-0.26,22140.0,0,-6.95,-6.85,-0.1,0.8,0.6,0.8
171,1,1,4,-4.05,0,19.17,-0.15,1910.0,0,-5.8,-5.8,0.0,1.91,2.09,1.91
172,1,1,7,-5.31,0,27.31,-0.19,1030.0,0,-4.67,-4.62,-0.05,0.41,0.6,0.41
173,1,1,6,-7.53,0,22.39,-0.23,60790.0,0,-6.05,-6.04,-0.01,0.74,0.3,0.74
174,1,1,2,-7.02,0,21.42,-0.27,23730.0,0,-7.5,-7.39,-0.11,0.72,1.19,0.72
122,1,1,9,-5.04,0,4.58,-0.15,445300.0,0,-5.77,-5.58,-0.19,1.04,1.19,1.04
64,1,1,3,-3.6,0,28.06,-0.15,445300.0,0,-5.77,-5.58,-0.19,1.04,1.19,1.04
63,1,1,9,-6.26,0,5.45,-0.27,6690.0,0,-3.27,-3.13,-0.14,0.79,0.3,0.79
62,1,1,7,-5.22,0,45.79,-0.26,62620.0,0,-5.73,-5.73,-0.01,0.0,0.0,0.0
65,1,1,9,-5.99,0,27.88,-0.23,1040.0,0,-4.37,-3.9,-0.47,0.19,0.3,0.19
66,1,1,6,-4.21,0,39.33,-0.27,63340.0,0,-5.73,-5.64,-0.09,0.0,0.0,0.0
67,1,1,9,-5.22,0,7.87,-0.15,1920.0,0,-4.6,-4.59,-0.01,1.33,0.89,1.33
68,1,1,10,-6.79,0,6.19,-0.19,331860.0,0,-5.94,-5.82,-0.12,1.76,1.19,1.76
69,1,1,7,-4.9,0,7.53,-0.2,2890.0,0,-4.06,-4.03,-0.03,0.4,0.6,0.4
70,1,1,6,-6.08,0,19.85,-0.07,1030.0,0,-5.4,-5.13,0.04,-1.13,0.7,-1.13
78,1,1,3,-4.72,0,5.88,-0.33,22500.0,0,-3.4,-3.12,0.03,-0.12,1.2,-0.12
89,1,1,9,-6.17,0,16.72,-0.1,8010.0,0,-4.65,-4.47,-0.18,2.3,1.79,2.3
100,1,1,2,-6.69,0,6.39,-0.22,112070.0,0,-5.39,-5.35,-0.04,0.0,0.0,0.0
111,1,1,2,-5.94,0,29.19,-0.2,433040.0,0,-5.78,-5.72,-0.06,0.59,1.19,0.59
116,1,1,8,-5.88,0,23.79,-0.22,196960.0,0,-5.65,-5.61,-0.05,0.98,0.6,0.98
117,1,1,8,-4.06,0,24.68,-0.44,2510.0,0,-3.85,-3.78,-0.07,0.01,0.3,0.01
118,1,1,5,-5.28,0,27.1,-0.34,206120.0,0,-5.03,-5.03,0.0,0.0,0.0,0.0
119,1,1,9,-5.64,0,43.84,-0.14,796120.0,0,-5.44,-5.44,0.0,1.67,1.19,1.67
120,1,1,6,-5.66,0,24.55,-0.43,344900.0,0,-3.22,-3.41,0.0,-1.23,1.19,-1.23
121,1,1,5,-6.33,0,28.41,-0.12,1320.0,0,-2.23,-2.34,-0.03,-1.12,0.89,-1.12
71,1,1,5,-5.7,0,45.4,0.12,2520.0,0,-5.93,5.79,0.14,1.32,2.39,1.32
72,1,1,6,-5.4,0,0.69,-0.22,306520.0,0,-5.39,-5.37,0.02,0.34,0.6,0.34
73,1,1,3,-2.89,0,24.63,-0.11,33600.0,0,-3.5,-3.37,0.13,2.1,1.49,2.1
74,1,1,6,-4.95,0,6.48,-0.27,619030.0,0,-4.97,-4.94,0.03,0.29,0.6,0.29
75,1,1,4,-5.99,0,42.34,0.23,123400.0,0,3.12,-3.23,-0.02,-1.08,0.2,-1.08
76,1,1,9,-3.65,0,35.14,-0.16,3560.0,0,-4.53,-4.44,0.09,2.09,1.19,2.09
77,1,1,9,-3.72,0,6.17,-0.1,12090.0,0,-5.0,-4.89,0.12,3.49,2.39,3.49
79,1,1,2,-4.83,0,6.63,-0.15,1030.0,0,-5.57,-5.48,0.09,1.93,1.49,1.93
80,1,1,5,-4.56,0,55.63,0.3,453200.0,0,-4.2,-4.9,-0.08,-1.3,0.0,-1.3
81,1,1,3,-6.41,0,15.09,-0.22,545500.0,0,-5.35,5.11,0.24,1.27,0.89,1.27
82,1,1,9,-7.04,0,23.52,0.22,28900.0,0,-2.3,-2.5,-0.03,-1.12,0.3,-1.12
83,1,1,5,-5.89,0,16.78,0.32,322400.0,0,-3.5,-3.6,-0.02,-1.4,0.21,-1.4
84,1,1,6,-6.54,0,34.9,0.18,1500.0,0,-4.6,-4.8,-0.03,-0.4,1.19,-0.4
85,1,1,2,-5.07,0,31.34,-0.06,11170.0,0,-7.44,-7.6,0.16,2.79,4.77,2.79
86,1,1,10,-5.27,0,6.22,-0.26,116590.0,0,-6.26,-6.15,0.11,0.77,0.89,0.77
87,1,1,6,-4.36,0,29.76,-0.12,1340.0,0,-5.41,-5.36,0.04,1.61,1.49,1.61
88,1,1,6,-7.06,0,5.41,-0.23,50870.0,0,-5.86,-5.71,0.15,0.0,0.0,0.0
90,1,1,1,-3.06,0,8.54,0.32,30100.0,0,-5.32,-5.45,-0.02,0.0,0.0,0.0
91,1,1,6,-2.09,0,25.59,0.13,1900.0,0,-4.87,-4.7,-0.01,0.0,0.0,0.0
92,1,1,1,-5.58,0,38.6,-0.25,325650.0,0,-5.06,-4.1,0.96,0.19,0.3,0.19
93,1,1,5,-5.32,0,27.85,0.34,674600.0,0,3.65,-3.51,-0.05,0.0,0.0,0.0
94,1,1,6,-4.58,0,6.64,-0.06,16530.0,0,-6.01,5.86,0.15,2.68,3.58,2.68
95,1,1,5,-5.0,0,28.65,-0.13,1290.0,0,-5.13,-5.11,0.02,0.97,1.19,0.97
96,1,1,8,-1.56,0,4.98,-0.07,120070.0,0,-4.2,-4.03,0.17,4.75,2.96,4.75
97,1,1,8,-2.81,0,8.47,0.04,111600.0,0,-4.9,-4.15,-0.03,-1.7,1.1,-1.7
98,1,1,7,-3.7,0,45.48,-0.42,3490.0,0,-3.65,-2.54,1.11,0.14,0.3,0.14
99,1,1,7,-6.68,0,7.47,-0.14,1510.0,0,-5.04,-4.99,0.05,1.52,1.19,1.52
101,1,1,9,-5.96,0,5.92,-0.24,65690.0,0,-6.01,-5.88,0.12,0.56,0.3,0.56
102,1,1,6,-5.62,0,27.83,-0.17,306600.0,0,-5.99,-5.9,0.08,0.5,1.19,0.5
103,1,1,6,-6.23,0,4.46,0.24,562100.0,0,-2.3,-2.16,-0.08,-1.14,1.1,-1.14
104,1,1,9,-6.92,0,57.18,-0.14,56810.0,0,-6.98,-6.83,0.15,0.75,1.19,0.75
105,1,1,2,-1.08,0,38.08,0.65,1600.0,0,-6.4,-6.11,-0.02,-1.14,1.1,-1.14
106,1,1,2,-5.72,0,23.67,-0.21,196760.0,0,5.35,-5.3,0.06,0.45,0.3,0.45
107,1,1,4,-6.67,0,45.56,0.18,134300.0,0,-4.45,-4.52,-0.02,-1.11,0.0,-1.11
108,1,1,10,-2.08,0,36.51,-0.16,7720.0,0,4.37,-4.05,0.32,3.54,1.49,3.54
109,1,1,3,-6.51,0,5.8,-0.18,24020.0,0,7.5,-7.36,0.14,2.27,1.19,2.27
110,1,1,3,-5.05,0,28.36,-0.14,2690.0,0,5.59,-5.48,0.11,1.84,2.09,1.84
112,1,1,4,-5.41,0,5.91,-0.23,242370.0,0,5.53,-5.59,0.06,0.42,0.6,0.42
113,1,1,9,-5.6,0,5.98,-0.18,618610.0,0,4.68,-4.62,0.05,0.54,0.3,0.54
114,1,1,1,-5.72,0,49.4,0.23,356200.0,0,-3.21,-3.33,-0.03,-1.23,0.0,-1.23
115,1,1,5,1.29,0,52.57,0.12,1800.0,0,-2.23,-2.3,-0.02,-1.13,1.19,-1.13
38,1,1,4,-5.41,0,211.48,-0.12,1910.0,0,4.9,4.75,0.16,1.07,1.19,1.07
27,1,1,2,-3.55,0,253.09,-0.28,5360.0,0,3.4,3.33,0.07,0.77,0.3,0.77
4,1,1,10,-6.19,0,256.72,0.9,25400.0,0,-3.2,-3.8,-0.03,-1.12,0.0,-1.12
0,1,1,3,-5.54,0,229.26,0.41,56400.0,0,-2.4,-2.9,-0.02,-1.0,0.0,-1.0
31,1,1,6,-5.92,0,227.95,-0.28,28860.0,0,6.19,6.15,0.05,0.0,0.0,0.0
39,1,1,2,-4.74,0,244.78,-0.29,151010.0,0,5.51,4.2,1.31,0.18,0.3,0.18
44,1,1,5,-5.3,0,248.33,-0.27,64980.0,0,5.71,5.62,0.09,0.0,0.0,0.0
47,1,1,7,-6.58,0,229.27,0.3,21300.0,0,-5.65,-5.76,-0.03,0.0,0.0,0.0
52,1,1,8,-5.95,0,216.69,-0.2,702370.0,0,5.79,5.64,0.16,1.39,1.49,1.39
59,1,1,9,-6.81,0,229.45,-0.2,201140.0,0,5.94,5.9,0.04,1.24,0.89,1.24
1,1,1,6,-4.53,0,230.13,-0.26,34170.0,0,6.08,6.08,0.01,0.0,0.0,0.0
2,1,1,5,-5.77,0,45.7,-0.14,3200.0,0,4.6,4.5,0.09,1.74,1.19,1.74
3,1,1,8,-5.1,0,214.57,-0.22,31150.0,0,6.74,6.68,0.07,1.72,0.6,1.72
5,1,1,5,-4.72,0,254.76,-0.16,612060.0,0,6.17,6.1,0.08,2.31,1.79,2.31
6,1,1,7,-6.74,0,224.93,-0.09,1160.0,0,7.58,7.49,0.09,3.07,3.58,3.07
7,1,1,10,-6.53,0,229.11,-0.25,28900.0,0,6.19,6.21,0.01,0.0,0.0,0.0
8,1,1,7,-5.67,0,223.98,-0.28,16270.0,0,7.73,7.68,0.04,0.89,1.19,0.89
9,1,1,8,-4.25,0,274.28,0.9,12400.0,0,-3.3,-3.12,-0.03,-1.19,0.0,-1.19
10,1,1,3,-6.16,0,260.91,-0.53,767700.0,0,4.55,4.46,0.09,0.0,0.3,0.0
11,1,1,10,-5.51,0,218.1,-0.4,39650.0,0,6.01,6.01,0.0,0.0,0.0,0.0
13,1,1,6,-6.15,0,213.12,-0.18,91370.0,0,6.7,6.65,0.05,1.52,1.19,1.52
14,1,1,9,-4.22,0,211.2,0.3,189000.0,0,-6.5,-6.8,-0.03,-1.19,0.0,-1.19
15,1,1,5,-6.72,0,257.72,2.0,125500.0,0,-3.5,-3.7,-0.04,-1.2,1.19,-1.2
16,1,1,10,-6.8,0,228.62,-0.11,4580.0,0,5.58,5.63,0.05,1.33,2.39,1.33
17,1,1,7,-3.15,0,229.57,-0.31,10320.0,0,7.4,7.4,0.0,0.45,0.6,0.45
18,1,1,5,-5.91,0,260.85,-0.13,16960.0,0,3.91,3.91,0.01,2.06,1.49,2.06
12,1,1,6,-7.67,0,233.6,-0.31,223600.0,0,5.58,5.45,0.13,0.13,0.6,0.13
19,1,1,3,-3.18,0,230.67,-0.12,16170.0,0,3.64,3.64,0.0,2.28,1.19,2.28
20,1,1,9,-4.2,0,277.18,-0.1,8930.0,0,5.18,5.04,0.14,3.54,2.39,3.54
21,1,1,6,-5.2,0,231.99,0.12,6670.0,0,-6.4,-6.12,-0.02,-1.23,1.3,-1.23
22,1,1,5,-4.68,0,214.57,0.1,56700.0,0,-2.45,-2.56,-0.03,-1.4,0.0,-1.4
23,1,1,2,-4.72,0,210.78,-0.22,680180.0,0,5.22,5.21,0.0,1.32,0.89,1.32
24,1,1,4,-5.66,0,213.56,0.3,23700.0,0,-5.0,-5.12,-0.03,-1.0,0.0,-1.0
25,1,1,6,-6.02,0,231.34,0.4,123900.0,0,-4.34,-4.54,-0.02,-1.26,1.6,-1.26
26,1,1,2,-6.41,0,229.3,-0.23,102740.0,0,5.74,5.65,0.09,0.32,0.3,0.32
28,1,1,8,-4.91,0,234.33,-0.21,666800.0,0,5.23,5.24,0.02,1.32,0.89,1.32
29,1,1,1,-5.05,0,228.62,0.23,124600.0,0,-4.34,-4.35,-0.09,-1.23,0.0,-1.23
30,1,1,2,-4.82,0,252.0,0.1,18900.0,0,-4.45,-4.54,-0.08,-1.34,1.19,-1.34
32,1,1,4,-6.76,0,229.66,0.23,67900.0,0,-3.56,-3.67,-0.02,-1.12,1.14,-1.12
34,1,1,5,-4.02,0,230.3,-0.25,22370.0,0,6.34,6.3,0.04,0.0,0.0,0.0
33,1,1,8,-2.89,0,215.34,-0.23,3250.0,0,5.18,5.2,0.02,0.42,1.79,0.42
35,1,1,6,-6.68,0,213.8,-0.02,0.0,0,2.68,2.52,0.17,6.56,3.58,6.56
36,1,1,5,-6.08,0,254.0,0.2,13800.0,0,-3.45,-3.56,-0.03,-1.12,0.0,-1.12
37,1,1,8,-4.08,0,250.39,0.25,145800.0,0,-5.4,-5.13,-0.03,-1.13,0.0,-1.13
38,1,1,4,-5.41,0,211.48,-0.08,3290.0,0,6.97,6.89,0.08,2.18,3.58,2.18
40,1,1,2,-0.97,0,207.26,-0.04,0.0,0,2.3,2.29,0.02,5.35,2.98,5.35
41,1,1,5,-2.26,0,276.82,-0.07,44550.0,0,6.02,5.92,0.1,1.76,4.18,1.76
42,1,1,10,-4.11,0,197.75,-0.51,968750.0,0,4.41,3.19,1.22,0.12,0.3,0.12
43,1,1,4,-5.67,0,244.74,-0.21,74250.0,0,6.83,6.74,0.08,1.41,1.19,1.41
45,1,1,4,-7.15,0,230.46,0.23,0.0,0,-2.8,-2.15,-0.03,0.0,0.89,0.0
46,1,1,7,-5.95,0,228.38,-0.29,6820.0,0,7.35,7.34,0.0,0.57,0.3,0.57
48,1,1,2,-6.57,0,229.5,-0.3,15710.0,0,6.55,6.53,0.02,0.0,0.0,0.0
56,1,1,3,-6.57,0,229.52,-0.3,15410.0,0,6.56,6.53,0.03,0.0,0.0,0.0
49,1,1,4,-2.63,0,206.54,-0.11,24040.0,0,7.58,5.54,2.04,3.29,5.37,3.29
50,1,1,7,-7.08,0,227.94,-0.24,66590.0,0,6.0,6.04,0.04,0.5,0.3,0.5
51,1,1,5,-6.45,0,213.33,0.2,3400.0,0,-3.0,-3.2,-0.07,-1.2,0.0,-1.2
53,1,1,6,-4.67,0,214.9,0.13,234700.0,0,-4.5,-4.8,-0.04,-1.12,1.0,-1.12
54,1,1,10,-6.19,0,209.74,-0.18,29250.0,0,7.38,6.67,0.71,2.33,1.19,2.33
55,1,1,7,-5.01,0,277.62,-0.18,692010.0,0,4.91,4.92,0.01,0.84,0.6,0.84
57,1,1,4,-4.14,0,250.42,-0.16,1280.0,0,6.03,5.87,0.16,1.84,2.09,1.84
58,1,1,5,-6.48,0,261.57,-0.29,29110.0,0,6.78,6.72,0.07,0.44,0.6,0.44
60,1,1,9,-6.55,0,217.43,0.23,1300.0,0,-6.6,-6.9,-0.09,-1.13,0.0,-1.13
61,1,1,5,-6.17,0,230.75,0.14,23500.0,0,-5.2,-5.9,-0.03,-1.12,0.0,-1.12
341,1,1,5,-5.06,0,29.39,-0.12,1920.0,0,4.9,4.83,0.06,1.07,1.19,1.07
330,1,1,6,-3.96,0,10.25,-0.32,2760.0,0,3.79,3.71,0.08,0.81,0.3,0.81
308,1,1,5,-6.83,0,10.26,-0.22,250350.0,0,4.91,4.72,0.2,0.0,0.0,0.0
304,1,1,6,-5.31,0,26.33,-0.27,300570.0,0,5.1,4.07,1.03,0.19,0.3,0.19
334,1,1,9,-6.28,0,10.17,-0.26,101020.0,0,5.45,5.49,0.06,0.0,0.0,0.0
342,1,1,10,-4.13,0,29.32,-0.2,94536.0,0,5.62,5.41,0.21,1.56,1.49,1.56
347,1,1,7,-4.55,0,20.77,-0.14,3000.0,0,4.34,4.35,0.01,1.35,0.89,1.35
350,1,1,8,-6.3,0,11.22,-0.26,41230.0,0,5.98,5.97,0.01,0.0,0.0,0.0
356,1,1,7,-4.93,0,23.39,-0.16,1400.0,0,5.09,5.17,0.08,1.2,1.19,1.2
362,1,1,5,-5.04,0,66.06,-0.18,208500.0,0,5.62,5.62,0.0,1.55,0.6,1.55
305,1,1,4,0.6,0,241.64,-0.04,0.0,0,0.0,0.0,0.0,0.4,0.6,0.4
306,1,1,6,-3.67,0,234.9,0.8,234500.0,0,-6.4,-6.12,-0.09,0.0,0.0,0.0
307,1,1,7,-5.07,0,26.63,-0.12,2950.0,0,5.24,5.21,0.04,2.35,1.79,2.35
309,1,1,4,-3.26,0,27.89,0.4,21300.0,0,-2.18,-2.23,-0.02,-1.12,0.0,-1.12
310,1,1,9,-6.92,0,12.34,-0.2,188390.0,0,5.08,4.98,0.11,0.0,0.0,0.0
311,1,1,6,-5.15,0,26.58,0.3,1440.0,0,-4.3,-4.12,-0.03,-1.13,1.19,-1.13
312,1,1,2,-6.87,0,25.63,0.12,76400.0,0,-3.55,-3.65,-0.02,-1.2,0.0,-1.2
313,1,1,5,-4.23,0,29.9,0.14,85400.0,0,-2.8,-2.16,-0.1,-1.16,1.3,-1.16
314,1,1,6,-6.68,0,26.08,0.23,654230.0,0,-5.6,-5.18,-0.06,-1.3,1.45,-1.3
315,1,1,5,-5.45,0,42.78,0.33,134400.0,0,-4.32,-4.45,-0.03,-1.0,1.19,-1.0
317,1,1,6,-3.48,0,24.16,0.2,123700.0,0,-3.8,-3.1,-0.02,-1.13,0.0,-1.13
318,1,1,5,-4.38,0,23.9,0.45,1600.0,0,-2.45,-2.53,-0.01,-1.19,0.89,-1.19
319,1,1,5,-5.23,0,8.43,-0.1,9240.0,0,5.16,5.2,0.04,1.36,2.39,1.36
320,1,1,8,-6.01,0,23.72,-0.2,597750.0,0,4.99,4.99,0.01,0.5,0.6,0.5
321,1,1,1,-3.57,0,10.73,-0.1,50810.0,0,3.26,3.29,0.03,1.98,1.49,1.98
322,1,1,10,-4.89,0,24.96,-0.31,262260.0,0,5.48,5.43,0.05,0.04,0.6,0.04
316,1,1,4,-3.54,0,12.45,-0.13,11510.0,0,3.84,3.88,0.04,2.32,1.19,2.32
323,1,1,1,-3.83,0,26.86,-0.13,3160.0,0,5.8,5.57,0.23,2.37,2.39,2.37
324,1,1,2,-4.11,0,25.34,-0.12,3830.0,0,4.79,4.66,0.13,1.94,1.49,1.94
325,1,1,7,-4.39,0,42.76,-0.05,17490.0,0,6.37,6.31,0.06,4.81,3.88,4.81
326,1,1,10,-2.49,0,17.86,0.03,12300.0,0,-4.3,-4.3,-0.04,0.0,0.0,0.0
327,1,1,3,-5.53,0,10.54,-0.22,371010.0,0,4.68,4.69,0.01,0.0,0.0,0.0
328,1,1,3,-6.42,0,10.98,-0.18,738750.0,0,4.57,4.57,0.0,0.49,0.3,0.49
329,1,1,7,-5.99,0,24.99,-0.04,56360.0,0,6.48,6.4,0.07,2.79,4.77,2.79
331,1,1,5,-4.25,0,10.27,-0.18,1750.0,0,4.66,4.64,0.02,1.39,0.89,1.39
332,1,1,1,-4.15,0,25.44,0.12,124040.0,0,-6.5,-6.8,-0.5,0.0,0.0,0.0
333,1,1,5,-5.16,0,28.29,-0.23,70060.0,0,6.67,5.77,0.11,0.0,0.0,0.0
335,1,1,1,-5.94,0,28.3,-0.16,19410.0,0,4.13,4.13,0.01,0.57,1.79,0.57
336,1,1,2,-3.26,0,42.6,-0.07,9620.0,0,6.33,5.33,1.0,4.11,3.58,4.11
337,1,1,10,-2.75,0,67.22,-0.25,359620.0,0,5.0,3.93,1.07,0.2,0.3,0.2
338,1,1,4,-5.06,0,7.5,0.12,5670.0,0,-3.3,-3.5,1.0,-1.1,1.19,-1.1
339,1,1,2,-5.71,0,11.62,0.14,98500.0,0,-3.34,-3.4,-0.03,-1.4,2.2,-1.4
340,1,1,5,-5.59,0,10.61,0.23,34600.0,0,-3.45,-3.56,-0.03,-1.23,1.19,-1.23
341,1,1,5,-5.06,0,29.39,0.34,456600.0,0,-2.0,-2.5,-0.2,-1.19,0.0,-1.19
343,1,1,9,-143.0,0,16.08,0.2,354500.0,0,-2.23,-2.3,-0.2,-1.7,1.1,-1.7
344,1,1,6,-2.3,0,24.49,0.4,231400.0,0,-2.3,-2.5,-0.02,-1.45,1.2,-1.45
345,1,1,5,0.3,0,69.26,-0.19,529530.0,0,4.77,4.7,0.07,0.57,0.3,0.57
346,1,1,3,-2.8,0,10.67,-0.16,459770.0,0,5.75,5.61,0.14,0.49,1.19,0.49
348,1,1,2,-5.82,0,28.22,-0.28,28980.0,0,6.19,6.13,0.06,0.0,0.0,0.0
349,1,1,1,-6.06,0,6.16,-0.14,45790.0,0,7.11,6.93,0.18,0.95,1.19,0.95
351,1,1,9,-6.2,0,25.18,0.12,23500.0,0,-4.4,-4.6,-0.09,-1.2,1.5,-1.2
352,1,1,1,-6.93,0,21.77,-0.18,666610.0,0,4.63,4.41,0.22,0.47,0.3,0.47
353,1,1,1,-1.5,0,30.51,-0.2,333350.0,0,5.04,5.04,0.0,0.0,0.0,0.0
354,1,1,7,-5.86,0,10.65,-0.16,7200.0,0,4.41,4.29,0.13,2.68,1.49,2.68
355,1,1,9,-6.98,0,25.12,-4.26,754200.0,0,5.45,5.4,0.05,2.24,1.19,2.24
357,1,1,10,-2.9,0,23.3,-0.18,838020.0,0,4.79,4.72,0.07,0.81,0.6,0.81
358,1,1,9,-5.0,0,35.52,-0.12,6270.0,0,-5.09,-4.93,-0.16,-1.91,2.09,-1.91
359,1,1,7,-5.73,0,26.75,0.13,345500.0,0,-3.3,-3.6,0.0,-1.2,1.1,-1.2
360,1,1,7,-4.55,0,20.77,0.3,123500.0,0,-3.4,-3.12,0.0,-1.12,1.0,-1.12
361,1,1,4,-5.0,0,26.3,0.34,9300.0,0,-3.23,-3.34,-0.07,-1.14,0.0,-1.14
363,1,1,9,-5.67,0,23.56,0.3,1200.0,0,-2.2,-2.4,-0.08,-1.1,1.19,-1.1
364,1,1,4,-3.89,0,34.25,0.2,128400.0,0,-4.6,-4.5,-0.09,-1.12,1.8,-1.12
280,1,1,4,-5.44,0,26.67,-0.12,2150.0,0,4.83,4.76,0.08,1.05,1.19,1.05
269,1,1,3,-3.57,0,20.38,-0.25,8880.0,0,3.1,2.93,0.16,0.81,0.3,0.81
246,1,1,4,-7.25,0,9.22,-0.33,4860.0,0,7.25,7.21,0.03,0.0,0.0,0.0
242,1,1,1,-4.75,0,13.85,-0.22,1150.0,0,4.31,4.28,0.03,0.18,0.3,0.18
273,1,1,4,-6.04,0,10.68,-0.29,37360.0,0,6.04,5.95,0.09,0.0,0.0,0.0
281,1,1,1,-5.27,0,12.26,-0.23,321630.0,0,6.26,6.25,0.01,1.31,1.49,1.31
286,1,1,1,-5.84,0,10.94,-0.19,389010.0,0,5.55,5.55,0.0,1.33,0.89,1.33
289,1,1,9,-7.16,0,12.23,-0.23,116050.0,0,5.37,5.35,0.02,0.0,0.0,0.0
294,1,1,5,-6.51,0,10.5,-0.24,38160.0,0,7.22,7.18,0.05,1.38,1.19,1.38
301,1,1,10,-7.33,0,12.14,-0.26,4210.0,0,7.93,7.96,0.03,1.65,0.6,1.65
243,1,1,3,-4.23,0,14.81,0.3,13400.0,0,-3.5,-3.6,-0.09,-1.14,0.0,-1.14
244,1,1,5,-3.27,0,9.79,-0.13,1970.0,0,5.48,5.53,0.05,2.36,1.79,2.36
245,1,1,7,-4.23,0,19.79,-0.11,379100.0,0,8.26,8.12,0.14,2.92,3.58,2.92
247,1,1,4,-5.64,0,24.37,-0.27,10810.0,0,6.77,6.75,0.03,0.0,0.0,0.0
248,1,1,5,-7.25,0,10.4,-0.25,60690.0,0,6.95,6.88,0.07,0.59,1.19,0.59
249,1,1,9,-5.82,0,11.92,-0.2,432790.0,0,5.19,5.17,0.02,1.14,0.6,1.14
250,1,1,7,-6.83,0,12.53,0.2,94400.0,0,-4.5,-4.6,-0.8,-1.2,1.3,-1.2
251,1,1,6,-6.89,0,11.09,-0.41,32680.0,0,6.12,6.12,0.0,0.0,1.19,0.0
252,1,1,9,-6.51,0,13.12,-0.33,70440.0,0,10.95,10.84,0.11,1.18,1.19,1.18
253,1,1,5,-9.77,0,7.29,0.23,12400.0,0,-3.56,-3.62,-0.4,-1.4,1.0,-1.4
255,1,1,4,-4.89,0,12.9,0.12,235700.0,0,-2.24,-2.3,-0.02,-1.4,0.0,-1.4
256,1,1,2,-3.0,0,13.4,-0.13,1620.0,0,6.19,6.12,0.07,1.12,2.39,1.12
257,1,1,8,-4.77,0,8.28,-0.24,129790.0,0,-5.9,-5.8,-0.1,-0.4,0.6,-0.4
258,1,1,9,-6.6,0,11.64,-0.12,24490.0,0,-3.69,-3.64,-0.05,-2.01,1.49,-2.01
259,1,1,4,-3.17,0,11.97,-0.33,122700.0,0,-5.93,-5.89,0.04,-0.34,0.6,-0.34
260,1,1,2,-5.79,0,13.92,-0.1,25030.0,0,-3.38,-3.4,0.02,-2.32,1.19,-2.32
254,1,1,4,-5.0,0,11.23,-0.09,15200.0,0,-4.87,-4.86,0.0,-2.74,2.39,-2.74
261,1,1,7,-4.74,0,13.43,-0.17,362180.0,0,-6.19,-6.15,-0.04,-1.86,1.49,-1.86
262,1,1,2,-3.57,0,11.43,-0.03,86850.0,0,-5.33,-5.25,-0.07,-5.35,3.88,-5.35
263,1,1,10,-4.69,0,24.82,-0.25,244230.0,0,-5.83,-5.73,-0.1,-1.33,0.89,-1.33
264,1,1,1,-1.28,0,20.36,-0.17,159180.0,0,-5.78,-5.73,-0.04,0.08,0.6,0.08
265,1,1,8,-5.66,0,10.63,-0.28,47350.0,0,-5.9,-5.87,-0.03,0.0,0.0,0.0
266,1,1,5,-7.57,0,10.57,-0.21,244410.0,0,-5.23,-5.18,-0.04,-0.5,0.3,-0.5
267,1,1,4,-7.04,0,9.18,-0.09,739180.0,0,-9.04,-8.99,-0.66,-2.78,4.77,-2.78
268,1,1,6,-5.92,0,9.44,-0.13,10210.0,0,-3.61,-3.61,0.0,-1.31,0.89,-1.31
270,1,1,10,-4.27,0,49.89,-0.1,4110.0,0,-4.75,-4.69,-0.06,-1.56,1.49,-1.56
271,1,1,5,-4.98,0,9.65,-0.27,12670.0,0,-6.68,-6.6,-0.08,0.0,0.0,0.0
272,1,1,8,-4.3,0,21.17,-0.15,20640.0,0,-4.1,-4.08,-0.02,-0.54,1.79,-0.54
274,1,1,1,-7.37,0,11.12,-0.01,489420.0,0,-4.0,-4.05,0.05,-5.62,3.58,-5.62
276,1,1,8,-4.1,0,32.1,-0.31,76720.0,0,-5.91,-5.85,-0.07,0.06,0.3,0.06
275,1,1,1,-1.83,0,10.38,-0.08,2830.0,0,-7.06,-6.77,-0.29,-2.48,3.58,-2.48
277,1,1,8,-1.83,0,9.76,-0.3,23500.0,0,-2.3,-2.5,-0.09,-1.2,1.3,-1.2
278,1,1,9,-5.72,0,13.67,-0.2,23500.0,0,-3.4,-3.6,-0.09,-1.3,1.5,-1.3
279,1,1,3,-3.76,0,28.12,-0.41,4070.0,0,-3.56,-3.61,0.05,-0.15,0.3,-0.15
280,1,1,4,-5.44,0,26.67,-0.15,951770.0,0,-5.32,-5.26,-0.05,-1.46,1.19,-1.46
282,1,1,10,-1.21,0,40.55,-0.2,274380.0,0,-5.16,-5.18,0.02,-0.57,0.3,-0.57
283,1,1,7,-2.16,0,21.88,-0.14,1380.0,0,-5.14,-5.02,-0.13,-0.52,1.19,-0.52
284,1,1,5,-3.29,0,19.29,-0.13,112690.0,0,-6.58,-6.52,-0.06,-0.92,1.19,-0.92
285,1,1,4,-7.26,0,11.02,-0.11,1200.0,0,-4.45,-4.56,-0.03,-3.2,1.19,-3.2
287,1,1,6,-8.9,0,11.93,-0.22,150220.0,0,-5.51,-5.51,0.0,-0.51,0.3,-0.51
288,1,1,8,-6.91,0,9.94,-0.26,23030.0,0,-6.63,-6.58,-0.04,0.04,0.3,0.04
290,1,1,5,-6.26,0,10.89,-0.15,9820.0,0,-4.22,-4.18,-0.05,-3.73,1.49,-3.73
298,1,1,2,-6.68,0,19.15,-0.11,1160.0,0,-5.2,-4.64,-0.56,-1.99,1.19,-1.99
291,1,1,5,-2.54,0,11.24,-0.26,30020.0,0,-6.77,-6.7,-0.07,-0.83,0.6,-0.83
292,1,1,6,-6.67,0,10.51,-0.14,2490.0,0,-5.64,-5.17,-0.47,-1.92,2.09,-1.92
293,1,1,9,-6.5,0,10.35,-0.28,41900.0,0,-6.57,-6.59,0.03,-0.43,0.6,-0.43
295,1,1,2,-2.82,0,11.48,-0.24,34740.0,0,-6.38,-6.39,0.01,-0.55,0.3,-0.55
296,1,1,9,-5.17,0,20.93,-0.16,2290.0,0,-4.8,-4.76,-0.03,-0.76,1.19,-0.76
297,1,1,10,-6.17,0,9.65,-0.32,23500.0,0,-3.34,-3.34,-0.01,-0.24,1.3,-0.24
299,1,1,2,-4.33,0,10.33,-0.3,67800.0,0,-2.2,-2.4,-0.02,-1.12,0.9,-1.12
300,1,1,7,-5.58,0,12.29,-0.2,45600.0,0,-2.34,-2.47,-0.04,-1.2,0.5,-1.2
302,1,1,1,-6.56,0,10.49,-0.12,35600.0,0,-4.56,-4.43,-0.04,-0.4,1.19,-0.4
303,1,1,4,-7.12,0,11.98,-0.4,129000.0,0,-5.6,-5.9,-0.03,-1.09,0.5,-1.09
222,1,1,2,-4.59,0,107.36,-0.12,1850.0,0,-4.92,-4.89,-0.03,-1.06,1.19,-1.06
211,1,1,8,-3.13,0,29.41,-0.25,10390.0,0,-3.0,-2.75,-0.26,-0.79,0.3,-0.79
189,1,1,7,-5.43,0,11.76,-0.23,161770.0,0,-5.17,-5.09,-0.08,0.0,0.0,0.0
185,1,1,7,-5.14,0,31.99,-0.28,204650.0,0,-5.33,-3.41,-1.92,0.19,0.3,0.19
215,1,1,3,-5.37,0,24.91,-0.22,438210.0,0,-4.58,-4.51,-0.07,0.0,0.0,0.0
223,1,1,5,-4.38,0,24.09,-0.17,2550.0,0,-5.03,-4.89,-0.14,-1.13,1.49,-1.13
228,1,1,6,-5.41,0,100.23,-0.19,346830.0,0,-5.62,-5.6,-0.02,-1.25,0.89,-1.25
231,1,1,1,-5.64,0,37.73,-0.21,332930.0,0,-4.74,-4.75,0.0,0.0,0.0,0.0
233,1,1,3,-5.37,0,33.62,-0.2,226840.0,0,-6.16,-6.09,-0.07,-1.58,1.19,-1.58
239,1,1,10,-5.39,0,41.84,-0.19,111480.0,0,-5.99,-5.98,-0.01,-1.76,0.6,-1.76
186,1,1,2,-3.8,0,34.43,-0.13,13400.0,0,-4.3,-4.6,0.0,0.0,0.0,0.0
187,1,1,4,-3.87,0,23.89,-0.12,1300.0,0,-2.6,-2.8,-0.01,0.0,0.0,0.0
188,1,1,6,-3.38,0,29.34,-0.1,110300.0,0,-2.56,-2.67,-0.02,-1.12,1.19,-1.12
190,1,1,7,-5.62,0,38.64,-0.1,844010.0,0,-7.77,-7.67,-0.1,-2.74,3.58,-2.74
184,1,1,5,-5.65,0,25.37,-0.22,87130.0,0,-5.54,-5.49,-0.04,0.0,0.0,0.0
191,1,1,9,-5.8,0,47.62,-0.2,488820.0,0,-5.71,-5.65,-0.06,-1.13,1.19,-1.13
192,1,1,5,-5.47,0,24.63,-0.2,433760.0,0,-5.18,-5.2,0.01,-1.1,0.6,-1.1
193,1,1,6,-3.93,0,38.48,-0.4,4760.0,0,-3.49,-3.49,0.0,0.0,0.3,0.0
194,1,1,1,-5.21,0,34.63,-0.3,116700.0,0,-6.7,-6.8,-0.03,-0.98,-1.2,-0.98
195,1,1,4,-5.27,0,37.36,-0.14,861280.0,0,-5.37,-5.04,-0.34,-1.77,1.19,-1.77
197,1,1,3,-2.12,0,22.13,-0.03,145600.0,0,-6.7,-6.13,-0.09,0.0,0.0,0.0
198,1,1,1,-2.1,0,23.14,-0.26,19300.0,0,-2.56,-2.43,-0.02,0.0,0.0,0.0
199,1,1,5,-4.98,0,37.58,-0.16,500730.0,0,-6.89,-6.71,-0.18,-1.26,2.39,-1.26
200,1,1,5,-5.27,0,23.33,-0.24,152380.0,0,-5.8,-5.7,-0.1,-0.45,0.6,-0.45
201,1,1,9,-3.08,0,26.7,-0.11,30450.0,0,-3.56,-3.53,-0.03,-2.08,1.49,-2.08
202,1,1,8,-5.67,0,43.39,-0.27,772480.0,0,-4.84,-4.77,-0.07,-0.27,0.6,-0.27
196,1,1,1,-2.34,0,23.45,-0.21,635760.0,0,-5.55,-5.52,-0.03,-2.2,1.19,-2.2
203,1,1,10,-4.36,0,43.11,-0.08,31430.0,0,-4.44,-4.27,-0.16,-3.48,2.39,-3.48
204,1,1,9,-3.29,0,37.95,-0.13,3330.0,0,-4.87,-4.64,-0.23,-1.9,1.49,-1.9
205,1,1,8,-4.09,0,37.88,-0.21,942260.0,0,-5.02,-4.09,-0.13,-1.35,0.89,-1.35
206,1,1,6,-3.1,0,93.3,-0.18,86560.0,0,-6.14,-6.09,-0.05,0.08,0.6,0.08
207,1,1,8,-5.59,0,42.65,-0.25,165230.0,0,-5.16,-5.21,0.05,0.0,0.0,0.0
208,1,1,1,-6.34,0,34.99,-0.55,677220.0,0,-3.22,-3.16,-0.07,-0.12,0.0,-0.12
209,1,1,7,-5.57,0,19.54,-0.12,33450.0,0,-4.3,-4.35,-0.03,-0.3,1.19,-0.3
210,1,1,7,-5.87,0,19.54,-0.16,3010.0,0,-4.34,-4.3,-0.04,-1.29,0.89,-1.29
212,1,1,2,-3.63,0,41.39,-0.11,33220.0,0,-4.93,-4.89,-0.04,-1.63,1.49,-1.63
213,1,1,2,-5.26,0,43.98,-0.33,121200.0,0,-5.12,-5.2,-0.11,-1.45,1.19,-1.45
214,1,1,6,-4.48,0,37.18,-0.08,432200.0,0,-5.18,-5.22,-0.2,-1.2,1.19,-1.2
216,1,1,4,-6.37,0,46.14,-0.02,356600.0,0,-3.2,-3.6,-0.01,-1.11,1.19,-1.11
217,1,1,4,-3.74,0,43.74,-0.18,234100.0,0,-6.4,-6.1,-0.03,-2.1,0.0,-12.1
218,1,1,9,-2.2,0,16.2,-0.23,843230.0,0,-4.49,-4.42,-0.07,0.05,0.3,0.05
219,1,1,7,-5.74,0,29.75,-0.05,30730.0,0,-5.64,-5.73,-0.09,-2.47,0.0,-2.47
220,1,1,1,-4.77,0,32.06,-0.1,23240.0,0,-4.33,-4.4,-0.04,-1.18,1.2,-1.18
221,1,1,5,-2.98,0,41.85,-0.22,37650.0,0,-3.12,-3.21,-0.03,-1.33,1.23,-1.33
222,1,1,4,-4.59,0,107.36,-0.42,3250.0,0,-3.69,-2.36,-0.33,-0.13,0.3,-0.13
224,1,1,4,-0.27,0,25.71,-0.34,324450.0,0,-3.24,-3.33,-0.06,-1.23,0.0,-1.23
225,1,1,7,-1.5,0,34.64,-0.14,31230.0,0,-5.05,-5.12,-0.04,-1.3,1.19,-1.3
226,1,1,3,-3.8,0,29.51,-0.12,654300.0,0,-4.3,-4.1,-0.03,-1.14,0.0,-1.14
227,1,1,8,-5.15,0,24.09,-0.14,60960.0,0,-6.94,-6.88,-0.06,-0.88,1.19,-0.88
229,1,1,2,-3.8,0,29.51,-0.3,34200.0,0,-3.4,-3.12,-0.03,-1.13,1.45,-1.13
230,1,1,7,-5.14,0,24.09,-0.33,111300.0,0,-4.4,-4.12,-0.02,-1.24,1.4,-1.24
232,1,1,5,-5.61,0,32.63,-0.22,39100.0,0,-4.23,-4.32,-0.01,-1.12,1.19,-1.12
236,1,1,5,-5.14,0,24.09,-0.12,942810.0,0,-5.32,-4.22,-0.02,-2.28,1.19,-2.28
234,1,1,2,-5.81,0,31.49,-0.12,231400.0,0,-2.12,-2.2,-0.3,-1.12,0.0,-1.12
235,1,1,2,-6.22,0,32.12,-0.23,154500.0,0,-3.3,-3.9,-0.03,-1.3,1.19,-1.3
237,1,1,3,-6.1,0,32.12,-0.13,23500.0,0,-2.12,-2.22,-0.2,-1.13,0.0,-1.13
238,1,1,6,-5.43,0,42.6,-0.23,182900.0,0,-2.8,-2.15,-0.3,-1.09,1.45,-1.09
240,1,1,4,-6.56,0,23.15,-0.3,432200.0,0,-4.8,-4.17,-0.06,-1.23,0.0,-1.23
241,1,1,4,-7.45,0,34.5,-0.32,176500.0,0,-5.0,-5.3,-0.05,-1.33,0.89,-1.33
